{"cameraMode":{"drawMode":0,"name":"Shaded","section":"Shading Mode"},"sceneLighting":false,"audioPlay":false,"sceneViewState":{"m_AlwaysRefresh":false,"showFog":true,"showSkybox":false,"showFlares":true,"showImageEffects":true,"showParticleSystems":true,"showVisualEffectGraphs":true,"m_FxEnabled":true},"in2DMode":false,"pivot":{"x":337.2509460449219,"y":240.63931274414063,"z":-0.12732386589050294},"rotation":{"x":0.20499643683433534,"y":-0.6220388412475586,"z":0.17336086928844453,"w":0.7355141639709473},"size":0.3720631003379822,"orthographic":false}